Date,Holding,Ticker,Bucket,Qty,Adjusted_Basis
2026-09-28,Anglo American,AGL.JO,Main,2491.0,862.6
2026-09-28,AB InBev,ANH.JO,Main,500.0,1272.02
2026-09-28,BHP Group,BHG.JO,Main,600.0,683.15
2026-09-28,Bidcorp,BID.JO,Main,3000.0,435.27
2026-09-28,British American Tobacco,BTI.JO,Main,1840.0,919.0
2026-09-28,Bidvest,BVT.JO,Main,5000.0,224.63
2026-09-28,Richemont,CFR.JO,Main,565.0,3401.17
2026-09-28,eMedia Holdings N,EMN.JO,Main,2517.0,1.7
2026-09-28,Remgro,REM.JO,Main,6000.0,206.36
2026-09-28,Reinet,RNI.JO,Main,2800.0,434.08
2026-09-28,Shoprite,SHP.JO,Main,5500.0,322.59
2026-09-28,Tiger Brands,TBS.JO,Main,3000.0,267.66
2026-09-28,Valterra Platinum,VAL.JO,Main,250.0,1262.25
2026-09-28,FNB Berkshire ETN,BHETNC.JO,Subset,2500.0,23.98
2026-09-28,10X S&P 500,CSP500.JO,Subset,855.0,127.63
2026-09-28,Exxaro,EXX.JO,Subset,120.0,177.03
2026-09-28,NewGold,GLD.JO,Subset,77.0,629.9
2026-09-28,10X Active Income,INCOME.JO,Subset,11300.0,10.61
2026-09-28,Satrix Capped All Share,STXCAP.JO,Subset,2100.0,55.58
2026-09-28,Satrix MSCI EM ESG,STXEME.JO,Subset,840.0,77.07
2026-09-28,Satrix STOXX Europe,STXEUR.JO,Subset,2060.0,58.67
2026-09-28,Satrix Global Bond,STXGBD.JO,Subset,1730.0,34.59
2026-09-28,Satrix SA Bond,STXGOV.JO,Subset,13000.0,9.61
2026-09-28,Satrix S&P 500 Feeder,STX500.JO,Subset,210.0,135.91
